City_agas_code,town,n_rows,first_date,last_date,total_positive,LocalityCode,StatArea,fail_type
1020_4,אור עקיבא,1174,2020-03-11,2023-05-28,1439.0,1020,4,area_missing
1034_7,קריית מלאכי,1174,2020-03-11,2023-05-28,821.0,1034,7,area_missing
1061_11,נצרת עילית,1174,2020-03-11,2023-05-28,3736.0,1061,11,area_missing
1161_1,רהט,1174,2020-03-11,2023-05-28,898.0,1161,1,area_missing
1161_10,רהט,1174,2020-03-11,2023-05-28,1746.0,1161,10,area_missing
1161_2,רהט,1174,2020-03-11,2023-05-28,701.0,1161,2,area_missing
1161_3,רהט,1174,2020-03-11,2023-05-28,2750.0,1161,3,area_missing
1161_4,רהט,1174,2020-03-11,2023-05-28,659.0,1161,4,area_missing
1161_5,רהט,1174,2020-03-11,2023-05-28,518.0,1161,5,area_missing
1161_6,רהט,1174,2020-03-11,2023-05-28,720.0,1161,6,area_missing
1161_7,רהט,1174,2020-03-11,2023-05-28,1934.0,1161,7,area_missing
1161_8,רהט,1174,2020-03-11,2023-05-28,2107.0,1161,8,area_missing
1161_9,רהט,1174,2020-03-11,2023-05-28,1353.0,1161,9,area_missing
1200_11,מודיעין-מכבים-רעות,1174,2020-03-11,2023-05-28,1930.0,1200,11,area_missing
1200_12,מודיעין-מכבים-רעות,1174,2020-03-11,2023-05-28,2793.0,1200,12,area_missing
1200_13,מודיעין-מכבים-רעות,1174,2020-03-11,2023-05-28,2936.0,1200,13,area_missing
1200_15,מודיעין-מכבים-רעות,1174,2020-03-11,2023-05-28,3419.0,1200,15,area_missing
1200_16,מודיעין-מכבים-רעות,1174,2020-03-11,2023-05-28,2009.0,1200,16,area_missing
1200_17,מודיעין-מכבים-רעות,1174,2020-03-11,2023-05-28,2500.0,1200,17,area_missing
1200_21,מודיעין-מכבים-רעות,1174,2020-03-11,2023-05-28,7372.0,1200,21,area_missing
1200_22,מודיעין-מכבים-רעות,1174,2020-03-11,2023-05-28,4517.0,1200,22,area_missing
1200_23,מודיעין-מכבים-רעות,1174,2020-03-11,2023-05-28,5558.0,1200,23,area_missing
1200_24,מודיעין-מכבים-רעות,1174,2020-03-11,2023-05-28,6914.0,1200,24,area_missing
1200_31,מודיעין-מכבים-רעות,1174,2020-03-11,2023-05-28,3992.0,1200,31,area_missing
1200_33,מודיעין-מכבים-רעות,1174,2020-03-11,2023-05-28,4005.0,1200,33,area_missing
1200_34,מודיעין-מכבים-רעות,1174,2020-03-11,2023-05-28,5428.0,1200,34,area_missing
1200_41,מודיעין-מכבים-רעות,1174,2020-03-11,2023-05-28,1748.0,1200,41,area_missing
1200_42,מודיעין-מכבים-רעות,1174,2020-03-11,2023-05-28,1927.0,1200,42,area_missing
1200_43,מודיעין-מכבים-רעות,1174,2020-03-11,2023-05-28,1409.0,1200,43,area_missing
1309_1,אלעד,1174,2020-03-11,2023-05-28,4114.0,1309,1,area_missing
1309_2,אלעד,1174,2020-03-11,2023-05-28,4291.0,1309,2,area_missing
1309_3,אלעד,1174,2020-03-11,2023-05-28,2939.0,1309,3,area_missing
1309_4,אלעד,1174,2020-03-11,2023-05-28,2672.0,1309,4,area_missing
1309_5,אלעד,1174,2020-03-11,2023-05-28,2941.0,1309,5,area_missing
1309_6,אלעד,1174,2020-03-11,2023-05-28,3035.0,1309,6,area_missing
1309_7,אלעד,1174,2020-03-11,2023-05-28,4000.0,1309,7,area_missing
168_1,כפר יונה,1174,2020-03-11,2023-05-28,4872.0,168,1,area_missing
2200_2,דימונה,1174,2020-03-11,2023-05-28,1393.0,2200,2,area_missing
2200_3,דימונה,1174,2020-03-11,2023-05-28,1122.0,2200,3,area_missing
2200_4,דימונה,1174,2020-03-11,2023-05-28,1234.0,2200,4,area_missing
2200_5,דימונה,1174,2020-03-11,2023-05-28,3556.0,2200,5,area_missing
2200_6,דימונה,1174,2020-03-11,2023-05-28,4405.0,2200,6,area_missing
2200_9,דימונה,1174,2020-03-11,2023-05-28,3696.0,2200,9,area_missing
2400_1,אור יהודה,1174,2020-03-11,2023-05-28,3149.0,2400,1,area_missing
2400_10,אור יהודה,1174,2020-03-11,2023-05-28,1981.0,2400,10,area_missing
2400_2,אור יהודה,1174,2020-03-11,2023-05-28,1768.0,2400,2,area_missing
2400_3,אור יהודה,1174,2020-03-11,2023-05-28,1701.0,2400,3,area_missing
2400_4,אור יהודה,1174,2020-03-11,2023-05-28,2196.0,2400,4,area_missing
2400_5,אור יהודה,1174,2020-03-11,2023-05-28,1010.0,2400,5,area_missing
2400_7,אור יהודה,1174,2020-03-11,2023-05-28,2105.0,2400,7,area_missing
2400_9,אור יהודה,1174,2020-03-11,2023-05-28,3819.0,2400,9,area_missing
246_1,נתיבות,1174,2020-03-11,2023-05-28,1174.0,246,1,area_missing
246_2,נתיבות,1174,2020-03-11,2023-05-28,3338.0,246,2,area_missing
246_4,נתיבות,1174,2020-03-11,2023-05-28,1661.0,246,4,area_missing
246_5,נתיבות,1174,2020-03-11,2023-05-28,2904.0,246,5,area_missing
246_6,נתיבות,1174,2020-03-11,2023-05-28,6771.0,246,6,area_missing
246_7,נתיבות,1174,2020-03-11,2023-05-28,5531.0,246,7,area_missing
246_8,נתיבות,1174,2020-03-11,2023-05-28,2315.0,246,8,area_missing
2550_1,גדרה,1174,2020-03-11,2023-05-28,1631.0,2550,1,area_missing
2600_34,אילת,1174,2020-03-11,2023-05-28,1143.0,2600,34,area_missing
2600_35,אילת,1174,2020-03-11,2023-05-28,2246.0,2600,35,area_missing
2600_36,אילת,1174,2020-03-11,2023-05-28,5269.0,2600,36,area_missing
2610_12,בית שמש,1174,2020-03-11,2023-05-28,1665.0,2610,12,area_missing
2610_13,בית שמש,1174,2020-03-11,2023-05-28,2709.0,2610,13,area_missing
2610_14,בית שמש,1174,2020-03-11,2023-05-28,2538.0,2610,14,area_missing
2610_15,בית שמש,1174,2020-03-11,2023-05-28,1820.0,2610,15,area_missing
2610_16,בית שמש,1174,2020-03-11,2023-05-28,2328.0,2610,16,area_missing
2610_21,בית שמש,1174,2020-03-11,2023-05-28,1542.0,2610,21,area_missing
2610_22,בית שמש,1174,2020-03-11,2023-05-28,2691.0,2610,22,area_missing
2610_24,בית שמש,1174,2020-03-11,2023-05-28,2002.0,2610,24,area_missing
2610_25,בית שמש,1174,2020-03-11,2023-05-28,1900.0,2610,25,area_missing
2610_26,בית שמש,1174,2020-03-11,2023-05-28,2537.0,2610,26,area_missing
2610_27,בית שמש,1174,2020-03-11,2023-05-28,1716.0,2610,27,area_missing
2610_31,בית שמש,1174,2020-03-11,2023-05-28,1293.0,2610,31,area_missing
2610_32,בית שמש,1174,2020-03-11,2023-05-28,780.0,2610,32,area_missing
2610_33,בית שמש,1174,2020-03-11,2023-05-28,1523.0,2610,33,area_missing
2610_34,בית שמש,1174,2020-03-11,2023-05-28,3745.0,2610,34,area_missing
2610_35,בית שמש,1174,2020-03-11,2023-05-28,4013.0,2610,35,area_missing
2610_36,בית שמש,1174,2020-03-11,2023-05-28,3396.0,2610,36,area_missing
2610_37,בית שמש,1174,2020-03-11,2023-05-28,2774.0,2610,37,area_missing
2610_38,בית שמש,1174,2020-03-11,2023-05-28,8422.0,2610,38,area_missing
2620_1,קריית אונו,1174,2020-03-11,2023-05-28,3256.0,2620,1,area_missing
2620_2,קריית אונו,1174,2020-03-11,2023-05-28,2710.0,2620,2,area_missing
2620_3,קריית אונו,1174,2020-03-11,2023-05-28,5320.0,2620,3,area_missing
2620_4,קריית אונו,1174,2020-03-11,2023-05-28,2809.0,2620,4,area_missing
2620_5,קריית אונו,1174,2020-03-11,2023-05-28,1951.0,2620,5,area_missing
2620_6,קריית אונו,1174,2020-03-11,2023-05-28,2513.0,2620,6,area_missing
2620_8,קריית אונו,1174,2020-03-11,2023-05-28,4881.0,2620,8,area_missing
2630_26,קריית גת,1174,2020-03-11,2023-05-28,5438.0,2630,26,area_missing
2640_2,ראש העין,1174,2020-03-11,2023-05-28,5473.0,2640,2,area_missing
2640_3,ראש העין,1174,2020-03-11,2023-05-28,2507.0,2640,3,area_missing
2640_4,ראש העין,1174,2020-03-11,2023-05-28,3050.0,2640,4,area_missing
2640_5,ראש העין,1174,2020-03-11,2023-05-28,2240.0,2640,5,area_missing
2640_6,ראש העין,1174,2020-03-11,2023-05-28,2354.0,2640,6,area_missing
2640_7,ראש העין,1174,2020-03-11,2023-05-28,2239.0,2640,7,area_missing
2640_8,ראש העין,1174,2020-03-11,2023-05-28,15900.0,2640,8,area_missing
2640_9,ראש העין,1174,2020-03-11,2023-05-28,1649.0,2640,9,area_missing
2650_36,רמת השרון,1174,2020-03-11,2023-05-28,2134.0,2650,36,area_missing
2660_2,יבנה,1174,2020-03-11,2023-05-28,2836.0,2660,2,area_missing
2660_3,יבנה,1174,2020-03-11,2023-05-28,1623.0,2660,3,area_missing
2660_4,יבנה,1174,2020-03-11,2023-05-28,2779.0,2660,4,area_missing
2660_5,יבנה,1174,2020-03-11,2023-05-28,2636.0,2660,5,area_missing
2660_6,יבנה,1174,2020-03-11,2023-05-28,2584.0,2660,6,area_missing
2660_7,יבנה,1174,2020-03-11,2023-05-28,2487.0,2660,7,area_missing
2660_8,יבנה,1174,2020-03-11,2023-05-28,3456.0,2660,8,area_missing
2660_9,יבנה,1174,2020-03-11,2023-05-28,10458.0,2660,9,area_missing
3000_1015,ירושלים,1174,2020-03-11,2023-05-28,3204.0,3000,1015,area_missing
3000_1016,ירושלים,1174,2020-03-11,2023-05-28,1805.0,3000,1016,area_missing
3000_1034,ירושלים,1174,2020-03-11,2023-05-28,2422.0,3000,1034,area_missing
3000_1035,ירושלים,1174,2020-03-11,2023-05-28,1942.0,3000,1035,area_missing
3000_1041,ירושלים,1174,2020-03-11,2023-05-28,1306.0,3000,1041,area_missing
3000_1042,ירושלים,1174,2020-03-11,2023-05-28,1135.0,3000,1042,area_missing
3000_1043,ירושלים,1174,2020-03-11,2023-05-28,2420.0,3000,1043,area_missing
3000_1044,ירושלים,1174,2020-03-11,2023-05-28,1339.0,3000,1044,area_missing
3000_1147,ירושלים,1174,2020-03-11,2023-05-28,2153.0,3000,1147,area_missing
3000_121,ירושלים,1174,2020-03-11,2023-05-28,2152.0,3000,121,area_missing
3000_1217,ירושלים,1174,2020-03-11,2023-05-28,2596.0,3000,1217,area_missing
3000_122,ירושלים,1174,2020-03-11,2023-05-28,1743.0,3000,122,area_missing
3000_123,ירושלים,1174,2020-03-11,2023-05-28,2411.0,3000,123,area_missing
3000_124,ירושלים,1174,2020-03-11,2023-05-28,961.0,3000,124,area_missing
3000_125,ירושלים,1174,2020-03-11,2023-05-28,2273.0,3000,125,area_missing
3000_131,ירושלים,1174,2020-03-11,2023-05-28,1579.0,3000,131,area_missing
3000_132,ירושלים,1174,2020-03-11,2023-05-28,2897.0,3000,132,area_missing
3000_133,ירושלים,1174,2020-03-11,2023-05-28,3090.0,3000,133,area_missing
3000_134,ירושלים,1174,2020-03-11,2023-05-28,1619.0,3000,134,area_missing
3000_1341,ירושלים,1174,2020-03-11,2023-05-28,1545.0,3000,1341,area_missing
3000_1342,ירושלים,1174,2020-03-11,2023-05-28,2396.0,3000,1342,area_missing
3000_1343,ירושלים,1174,2020-03-11,2023-05-28,2085.0,3000,1343,area_missing
3000_1344,ירושלים,1174,2020-03-11,2023-05-28,1722.0,3000,1344,area_missing
3000_1346,ירושלים,1174,2020-03-11,2023-05-28,1154.0,3000,1346,area_missing
3000_135,ירושלים,1174,2020-03-11,2023-05-28,2489.0,3000,135,area_missing
3000_1351,ירושלים,1174,2020-03-11,2023-05-28,2343.0,3000,1351,area_missing
3000_1352,ירושלים,1174,2020-03-11,2023-05-28,1485.0,3000,1352,area_missing
3000_1353,ירושלים,1174,2020-03-11,2023-05-28,902.0,3000,1353,area_missing
3000_1354,ירושלים,1174,2020-03-11,2023-05-28,1200.0,3000,1354,area_missing
3000_1355,ירושלים,1174,2020-03-11,2023-05-28,1029.0,3000,1355,area_missing
3000_136,ירושלים,1174,2020-03-11,2023-05-28,2253.0,3000,136,area_missing
3000_1622,ירושלים,1174,2020-03-11,2023-05-28,10021.0,3000,1622,area_missing
3000_1623,ירושלים,1174,2020-03-11,2023-05-28,5341.0,3000,1623,area_missing
3000_1631,ירושלים,1174,2020-03-11,2023-05-28,1582.0,3000,1631,area_missing
3000_1632,ירושלים,1174,2020-03-11,2023-05-28,2749.0,3000,1632,area_missing
3000_1633,ירושלים,1174,2020-03-11,2023-05-28,3011.0,3000,1633,area_missing
3000_1634,ירושלים,1174,2020-03-11,2023-05-28,2562.0,3000,1634,area_missing
3000_1641,ירושלים,1174,2020-03-11,2023-05-28,1291.0,3000,1641,area_missing
3000_1642,ירושלים,1174,2020-03-11,2023-05-28,1356.0,3000,1642,area_missing
3000_1643,ירושלים,1174,2020-03-11,2023-05-28,1715.0,3000,1643,area_missing
3000_423,ירושלים,1174,2020-03-11,2023-05-28,3225.0,3000,423,area_missing
3000_424,ירושלים,1174,2020-03-11,2023-05-28,1432.0,3000,424,area_missing
3000_425,ירושלים,1174,2020-03-11,2023-05-28,2403.0,3000,425,area_missing
3000_426,ירושלים,1174,2020-03-11,2023-05-28,2777.0,3000,426,area_missing
3000_434,ירושלים,1174,2020-03-11,2023-05-28,2075.0,3000,434,area_missing
3000_435,ירושלים,1174,2020-03-11,2023-05-28,1231.0,3000,435,area_missing
3000_821,ירושלים,1174,2020-03-11,2023-05-28,1146.0,3000,821,area_missing
3000_822,ירושלים,1174,2020-03-11,2023-05-28,1379.0,3000,822,area_missing
3000_823,ירושלים,1174,2020-03-11,2023-05-28,902.0,3000,823,area_missing
3000_824,ירושלים,1174,2020-03-11,2023-05-28,2467.0,3000,824,area_missing
3000_825,ירושלים,1174,2020-03-11,2023-05-28,597.0,3000,825,area_missing
3000_826,ירושלים,1174,2020-03-11,2023-05-28,1699.0,3000,826,area_missing
3000_832,ירושלים,1174,2020-03-11,2023-05-28,1407.0,3000,832,area_missing
3000_834,ירושלים,1174,2020-03-11,2023-05-28,1886.0,3000,834,area_missing
3000_835,ירושלים,1174,2020-03-11,2023-05-28,531.0,3000,835,area_missing
3000_836,ירושלים,1174,2020-03-11,2023-05-28,1483.0,3000,836,area_missing
3000_863,ירושלים,1174,2020-03-11,2023-05-28,1441.0,3000,863,area_missing
3000_864,ירושלים,1174,2020-03-11,2023-05-28,1286.0,3000,864,area_missing
3000_915,ירושלים,1174,2020-03-11,2023-05-28,2893.0,3000,915,area_missing
3000_931,ירושלים,1174,2020-03-11,2023-05-28,1679.0,3000,931,area_missing
3000_932,ירושלים,1174,2020-03-11,2023-05-28,3531.0,3000,932,area_missing
3000_933,ירושלים,1174,2020-03-11,2023-05-28,2625.0,3000,933,area_missing
3000_934,ירושלים,1174,2020-03-11,2023-05-28,1337.0,3000,934,area_missing
3616_10,מעלה אדומים,1174,2020-03-11,2023-05-28,2257.0,3616,10,area_missing
3616_2,מעלה אדומים,1174,2020-03-11,2023-05-28,2513.0,3616,2,area_missing
3616_3,מעלה אדומים,1174,2020-03-11,2023-05-28,5205.0,3616,3,area_missing
3616_4,מעלה אדומים,1174,2020-03-11,2023-05-28,1849.0,3616,4,area_missing
3616_5,מעלה אדומים,1174,2020-03-11,2023-05-28,2223.0,3616,5,area_missing
3616_6,מעלה אדומים,1174,2020-03-11,2023-05-28,1213.0,3616,6,area_missing
3616_7,מעלה אדומים,1174,2020-03-11,2023-05-28,2124.0,3616,7,area_missing
3616_8,מעלה אדומים,1174,2020-03-11,2023-05-28,2748.0,3616,8,area_missing
3616_9,מעלה אדומים,1174,2020-03-11,2023-05-28,2755.0,3616,9,area_missing
3780_1,ביתר עילית,1174,2020-03-11,2023-05-28,1433.0,3780,1,area_missing
3780_2,ביתר עילית,1174,2020-03-11,2023-05-28,2392.0,3780,2,area_missing
3780_3,ביתר עילית,1174,2020-03-11,2023-05-28,2231.0,3780,3,area_missing
3780_4,ביתר עילית,1174,2020-03-11,2023-05-28,1847.0,3780,4,area_missing
3780_5,ביתר עילית,1174,2020-03-11,2023-05-28,1656.0,3780,5,area_missing
3780_6,ביתר עילית,1174,2020-03-11,2023-05-28,7478.0,3780,6,area_missing
3780_7,ביתר עילית,1174,2020-03-11,2023-05-28,2348.0,3780,7,area_missing
3797_2,מודיעין עילית,1174,2020-03-11,2023-05-28,7080.0,3797,2,area_missing
3797_3,מודיעין עילית,1174,2020-03-11,2023-05-28,3036.0,3797,3,area_missing
3797_4,מודיעין עילית,1174,2020-03-11,2023-05-28,11743.0,3797,4,area_missing
3797_5,מודיעין עילית,1174,2020-03-11,2023-05-28,3018.0,3797,5,area_missing
3797_6,מודיעין עילית,1174,2020-03-11,2023-05-28,2654.0,3797,6,area_missing
3797_7,מודיעין עילית,1174,2020-03-11,2023-05-28,5024.0,3797,7,area_missing
3797_8,מודיעין עילית,1174,2020-03-11,2023-05-28,4343.0,3797,8,area_missing
5000_117,תל אביב-יפו,1174,2020-03-11,2023-05-28,3186.0,5000,117,area_missing
5000_131,תל אביב-יפו,1174,2020-03-11,2023-05-28,1623.0,5000,131,area_missing
5000_132,תל אביב-יפו,1174,2020-03-11,2023-05-28,1253.0,5000,132,area_missing
5000_133,תל אביב-יפו,1174,2020-03-11,2023-05-28,2658.0,5000,133,area_missing
5000_134,תל אביב-יפו,1174,2020-03-11,2023-05-28,2050.0,5000,134,area_missing
5000_215,תל אביב-יפו,1174,2020-03-11,2023-05-28,2529.0,5000,215,area_missing
5000_216,תל אביב-יפו,1174,2020-03-11,2023-05-28,1601.0,5000,216,area_missing
5000_225,תל אביב-יפו,1174,2020-03-11,2023-05-28,1686.0,5000,225,area_missing
5000_226,תל אביב-יפו,1174,2020-03-11,2023-05-28,2633.0,5000,226,area_missing
5000_231,תל אביב-יפו,1174,2020-03-11,2023-05-28,2356.0,5000,231,area_missing
5000_232,תל אביב-יפו,1174,2020-03-11,2023-05-28,1526.0,5000,232,area_missing
5000_233,תל אביב-יפו,1174,2020-03-11,2023-05-28,2537.0,5000,233,area_missing
5000_334,תל אביב-יפו,1174,2020-03-11,2023-05-28,874.0,5000,334,area_missing
5000_336,תל אביב-יפו,1174,2020-03-11,2023-05-28,902.0,5000,336,area_missing
5000_341,תל אביב-יפו,1174,2020-03-11,2023-05-28,1018.0,5000,341,area_missing
5000_342,תל אביב-יפו,1174,2020-03-11,2023-05-28,831.0,5000,342,area_missing
5000_343,תל אביב-יפו,1174,2020-03-11,2023-05-28,1063.0,5000,343,area_missing
5000_345,תל אביב-יפו,1174,2020-03-11,2023-05-28,1327.0,5000,345,area_missing
5000_346,תל אביב-יפו,1174,2020-03-11,2023-05-28,1212.0,5000,346,area_missing
5000_347,תל אביב-יפו,1174,2020-03-11,2023-05-28,1560.0,5000,347,area_missing
5000_413,תל אביב-יפו,1174,2020-03-11,2023-05-28,1829.0,5000,413,area_missing
5000_414,תל אביב-יפו,1174,2020-03-11,2023-05-28,1344.0,5000,414,area_missing
5000_415,תל אביב-יפו,1174,2020-03-11,2023-05-28,2099.0,5000,415,area_missing
5000_424,תל אביב-יפו,1174,2020-03-11,2023-05-28,1656.0,5000,424,area_missing
5000_427,תל אביב-יפו,1174,2020-03-11,2023-05-28,1150.0,5000,427,area_missing
5000_431,תל אביב-יפו,1174,2020-03-11,2023-05-28,1753.0,5000,431,area_missing
5000_432,תל אביב-יפו,1174,2020-03-11,2023-05-28,2264.0,5000,432,area_missing
5000_433,תל אביב-יפו,1174,2020-03-11,2023-05-28,1771.0,5000,433,area_missing
5000_436,תל אביב-יפו,1174,2020-03-11,2023-05-28,1010.0,5000,436,area_missing
5000_437,תל אביב-יפו,1174,2020-03-11,2023-05-28,1333.0,5000,437,area_missing
5000_544,תל אביב-יפו,1174,2020-03-11,2023-05-28,943.0,5000,544,area_missing
5000_555,תל אביב-יפו,1174,2020-03-11,2023-05-28,888.0,5000,555,area_missing
5000_725,תל אביב-יפו,1174,2020-03-11,2023-05-28,1434.0,5000,725,area_missing
5000_735,תל אביב-יפו,1174,2020-03-11,2023-05-28,1223.0,5000,735,area_missing
5000_736,תל אביב-יפו,1174,2020-03-11,2023-05-28,1737.0,5000,736,area_missing
5000_743,תל אביב-יפו,1174,2020-03-11,2023-05-28,2018.0,5000,743,area_missing
5000_744,תל אביב-יפו,1174,2020-03-11,2023-05-28,2687.0,5000,744,area_missing
5000_745,תל אביב-יפו,1174,2020-03-11,2023-05-28,1703.0,5000,745,area_missing
5000_746,תל אביב-יפו,1174,2020-03-11,2023-05-28,1803.0,5000,746,area_missing
5000_747,תל אביב-יפו,1174,2020-03-11,2023-05-28,1401.0,5000,747,area_missing
5000_748,תל אביב-יפו,1174,2020-03-11,2023-05-28,1072.0,5000,748,area_missing
5000_925,תל אביב-יפו,1174,2020-03-11,2023-05-28,1661.0,5000,925,area_missing
5000_926,תל אביב-יפו,1174,2020-03-11,2023-05-28,1969.0,5000,926,area_missing
5000_927,תל אביב-יפו,1174,2020-03-11,2023-05-28,2569.0,5000,927,area_missing
5000_929,תל אביב-יפו,1174,2020-03-11,2023-05-28,2079.0,5000,929,area_missing
5000_936,תל אביב-יפו,1174,2020-03-11,2023-05-28,1856.0,5000,936,area_missing
5000_937,תל אביב-יפו,1174,2020-03-11,2023-05-28,2599.0,5000,937,area_missing
5000_941,תל אביב-יפו,1174,2020-03-11,2023-05-28,2418.0,5000,941,area_missing
5000_942,תל אביב-יפו,1174,2020-03-11,2023-05-28,2511.0,5000,942,area_missing
5000_943,תל אביב-יפו,1174,2020-03-11,2023-05-28,1191.0,5000,943,area_missing
5000_944,תל אביב-יפו,1174,2020-03-11,2023-05-28,1786.0,5000,944,area_missing
5000_945,תל אביב-יפו,1174,2020-03-11,2023-05-28,1325.0,5000,945,area_missing
5000_946,תל אביב-יפו,1174,2020-03-11,2023-05-28,1689.0,5000,946,area_missing
5000_947,תל אביב-יפו,1174,2020-03-11,2023-05-28,2555.0,5000,947,area_missing
6100_214,בני ברק,1174,2020-03-11,2023-05-28,1679.0,6100,214,area_missing
6100_223,בני ברק,1174,2020-03-11,2023-05-28,4190.0,6100,223,area_missing
6100_231,בני ברק,1174,2020-03-11,2023-05-28,1793.0,6100,231,area_missing
6100_232,בני ברק,1174,2020-03-11,2023-05-28,3959.0,6100,232,area_missing
6100_233,בני ברק,1174,2020-03-11,2023-05-28,3920.0,6100,233,area_missing
6100_321,בני ברק,1174,2020-03-11,2023-05-28,2151.0,6100,321,area_missing
6100_322,בני ברק,1174,2020-03-11,2023-05-28,2421.0,6100,322,area_missing
6100_323,בני ברק,1174,2020-03-11,2023-05-28,2820.0,6100,323,area_missing
6100_415,בני ברק,1174,2020-03-11,2023-05-28,1942.0,6100,415,area_missing
6100_423,בני ברק,1174,2020-03-11,2023-05-28,1093.0,6100,423,area_missing
6100_424,בני ברק,1174,2020-03-11,2023-05-28,2087.0,6100,424,area_missing
6100_425,בני ברק,1174,2020-03-11,2023-05-28,2270.0,6100,425,area_missing
6100_426,בני ברק,1174,2020-03-11,2023-05-28,3046.0,6100,426,area_missing
6100_427,בני ברק,1174,2020-03-11,2023-05-28,919.0,6100,427,area_missing
6200_215,בת ים,1174,2020-03-11,2023-05-28,2196.0,6200,215,area_missing
6200_217,בת ים,1174,2020-03-11,2023-05-28,1921.0,6200,217,area_missing
6400_11,הרצלייה,1174,2020-03-11,2023-05-28,1677.0,6400,11,area_missing
6400_12,הרצלייה,1174,2020-03-11,2023-05-28,2776.0,6400,12,area_missing
6400_13,הרצלייה,1174,2020-03-11,2023-05-28,2517.0,6400,13,area_missing
6400_21,הרצלייה,1174,2020-03-11,2023-05-28,2621.0,6400,21,area_missing
6400_22,הרצלייה,1174,2020-03-11,2023-05-28,2724.0,6400,22,area_missing
6400_23,הרצלייה,1174,2020-03-11,2023-05-28,2109.0,6400,23,area_missing
6400_24,הרצלייה,1174,2020-03-11,2023-05-28,1802.0,6400,24,area_missing
6400_32,הרצלייה,1174,2020-03-11,2023-05-28,1599.0,6400,32,area_missing
6400_33,הרצלייה,1174,2020-03-11,2023-05-28,1727.0,6400,33,area_missing
6400_34,הרצלייה,1174,2020-03-11,2023-05-28,2103.0,6400,34,area_missing
6400_35,הרצלייה,1174,2020-03-11,2023-05-28,2279.0,6400,35,area_missing
6400_41,הרצלייה,1174,2020-03-11,2023-05-28,1549.0,6400,41,area_missing
6400_42,הרצלייה,1174,2020-03-11,2023-05-28,1906.0,6400,42,area_missing
6400_43,הרצלייה,1174,2020-03-11,2023-05-28,1989.0,6400,43,area_missing
6400_44,הרצלייה,1174,2020-03-11,2023-05-28,1732.0,6400,44,area_missing
6400_51,הרצלייה,1174,2020-03-11,2023-05-28,1795.0,6400,51,area_missing
6400_52,הרצלייה,1174,2020-03-11,2023-05-28,2403.0,6400,52,area_missing
6400_54,הרצלייה,1174,2020-03-11,2023-05-28,2710.0,6400,54,area_missing
6400_55,הרצלייה,1174,2020-03-11,2023-05-28,1868.0,6400,55,area_missing
6400_56,הרצלייה,1174,2020-03-11,2023-05-28,1948.0,6400,56,area_missing
6400_57,הרצלייה,1174,2020-03-11,2023-05-28,1587.0,6400,57,area_missing
6400_63,הרצלייה,1174,2020-03-11,2023-05-28,2835.0,6400,63,area_missing
6400_64,הרצלייה,1174,2020-03-11,2023-05-28,1511.0,6400,64,area_missing
6400_65,הרצלייה,1174,2020-03-11,2023-05-28,1583.0,6400,65,area_missing
6400_66,הרצלייה,1174,2020-03-11,2023-05-28,2627.0,6400,66,area_missing
6500_11,חדרה,1174,2020-03-11,2023-05-28,2011.0,6500,11,area_missing
6500_12,חדרה,1174,2020-03-11,2023-05-28,2122.0,6500,12,area_missing
6500_13,חדרה,1174,2020-03-11,2023-05-28,3386.0,6500,13,area_missing
6500_21,חדרה,1174,2020-03-11,2023-05-28,1921.0,6500,21,area_missing
6500_23,חדרה,1174,2020-03-11,2023-05-28,3880.0,6500,23,area_missing
6500_24,חדרה,1174,2020-03-11,2023-05-28,1394.0,6500,24,area_missing
6500_31,חדרה,1174,2020-03-11,2023-05-28,2919.0,6500,31,area_missing
6500_32,חדרה,1174,2020-03-11,2023-05-28,3491.0,6500,32,area_missing
6500_41,חדרה,1174,2020-03-11,2023-05-28,9118.0,6500,41,area_missing
6500_42,חדרה,1174,2020-03-11,2023-05-28,1333.0,6500,42,area_missing
6500_43,חדרה,1174,2020-03-11,2023-05-28,1294.0,6500,43,area_missing
6500_44,חדרה,1174,2020-03-11,2023-05-28,2006.0,6500,44,area_missing
6500_45,חדרה,1174,2020-03-11,2023-05-28,2207.0,6500,45,area_missing
6500_51,חדרה,1174,2020-03-11,2023-05-28,2231.0,6500,51,area_missing
6500_52,חדרה,1174,2020-03-11,2023-05-28,1894.0,6500,52,area_missing
6500_53,חדרה,1174,2020-03-11,2023-05-28,2066.0,6500,53,area_missing
6500_61,חדרה,1174,2020-03-11,2023-05-28,347.0,6500,61,area_missing
6500_62,חדרה,1174,2020-03-11,2023-05-28,1235.0,6500,62,area_missing
6500_63,חדרה,1174,2020-03-11,2023-05-28,2409.0,6500,63,area_missing
6500_64,חדרה,1174,2020-03-11,2023-05-28,3176.0,6500,64,area_missing
6600_414,חולון,1174,2020-03-11,2023-05-28,3553.0,6600,414,area_missing
6600_415,חולון,1174,2020-03-11,2023-05-28,2065.0,6600,415,area_missing
6600_416,חולון,1174,2020-03-11,2023-05-28,5122.0,6600,416,area_missing
6600_423,חולון,1174,2020-03-11,2023-05-28,1882.0,6600,423,area_missing
6600_424,חולון,1174,2020-03-11,2023-05-28,1462.0,6600,424,area_missing
6600_425,חולון,1174,2020-03-11,2023-05-28,1629.0,6600,425,area_missing
6600_426,חולון,1174,2020-03-11,2023-05-28,1734.0,6600,426,area_missing
6600_427,חולון,1174,2020-03-11,2023-05-28,2491.0,6600,427,area_missing
6600_625,חולון,1174,2020-03-11,2023-05-28,2538.0,6600,625,area_missing
6600_626,חולון,1174,2020-03-11,2023-05-28,2575.0,6600,626,area_missing
6800_24,קריית אתא,1174,2020-03-11,2023-05-28,3544.0,6800,24,area_missing
6800_25,קריית אתא,1174,2020-03-11,2023-05-28,5188.0,6800,25,area_missing
6900_11,כפר סבא,1174,2020-03-11,2023-05-28,2208.0,6900,11,area_missing
6900_12,כפר סבא,1174,2020-03-11,2023-05-28,2563.0,6900,12,area_missing
6900_13,כפר סבא,1174,2020-03-11,2023-05-28,2887.0,6900,13,area_missing
6900_15,כפר סבא,1174,2020-03-11,2023-05-28,2525.0,6900,15,area_missing
6900_21,כפר סבא,1174,2020-03-11,2023-05-28,7274.0,6900,21,area_missing
6900_22,כפר סבא,1174,2020-03-11,2023-05-28,7971.0,6900,22,area_missing
6900_31,כפר סבא,1174,2020-03-11,2023-05-28,1695.0,6900,31,area_missing
6900_32,כפר סבא,1174,2020-03-11,2023-05-28,1527.0,6900,32,area_missing
6900_33,כפר סבא,1174,2020-03-11,2023-05-28,1561.0,6900,33,area_missing
6900_34,כפר סבא,1174,2020-03-11,2023-05-28,2053.0,6900,34,area_missing
6900_35,כפר סבא,1174,2020-03-11,2023-05-28,1200.0,6900,35,area_missing
6900_36,כפר סבא,1174,2020-03-11,2023-05-28,1754.0,6900,36,area_missing
6900_37,כפר סבא,1174,2020-03-11,2023-05-28,1633.0,6900,37,area_missing
6900_41,כפר סבא,1174,2020-03-11,2023-05-28,2055.0,6900,41,area_missing
6900_42,כפר סבא,1174,2020-03-11,2023-05-28,1498.0,6900,42,area_missing
6900_43,כפר סבא,1174,2020-03-11,2023-05-28,1761.0,6900,43,area_missing
6900_44,כפר סבא,1174,2020-03-11,2023-05-28,2615.0,6900,44,area_missing
6900_45,כפר סבא,1174,2020-03-11,2023-05-28,1575.0,6900,45,area_missing
6900_51,כפר סבא,1174,2020-03-11,2023-05-28,2542.0,6900,51,area_missing
6900_52,כפר סבא,1174,2020-03-11,2023-05-28,1596.0,6900,52,area_missing
6900_53,כפר סבא,1174,2020-03-11,2023-05-28,1867.0,6900,53,area_missing
6900_54,כפר סבא,1174,2020-03-11,2023-05-28,2099.0,6900,54,area_missing
6900_55,כפר סבא,1174,2020-03-11,2023-05-28,1745.0,6900,55,area_missing
6900_56,כפר סבא,1174,2020-03-11,2023-05-28,2135.0,6900,56,area_missing
70_231,אשדוד,1174,2020-03-11,2023-05-28,2161.0,70,231,area_missing
70_232,אשדוד,1174,2020-03-11,2023-05-28,2171.0,70,232,area_missing
70_233,אשדוד,1174,2020-03-11,2023-05-28,2218.0,70,233,area_missing
70_234,אשדוד,1174,2020-03-11,2023-05-28,2185.0,70,234,area_missing
70_241,אשדוד,1174,2020-03-11,2023-05-28,3408.0,70,241,area_missing
70_242,אשדוד,1174,2020-03-11,2023-05-28,1301.0,70,242,area_missing
70_243,אשדוד,1174,2020-03-11,2023-05-28,1865.0,70,243,area_missing
70_244,אשדוד,1174,2020-03-11,2023-05-28,1241.0,70,244,area_missing
70_314,אשדוד,1174,2020-03-11,2023-05-28,2963.0,70,314,area_missing
70_315,אשדוד,1174,2020-03-11,2023-05-28,2543.0,70,315,area_missing
70_316,אשדוד,1174,2020-03-11,2023-05-28,3832.0,70,316,area_missing
70_317,אשדוד,1174,2020-03-11,2023-05-28,2866.0,70,317,area_missing
70_331,אשדוד,1174,2020-03-11,2023-05-28,1609.0,70,331,area_missing
70_333,אשדוד,1174,2020-03-11,2023-05-28,2994.0,70,333,area_missing
70_342,אשדוד,1174,2020-03-11,2023-05-28,2449.0,70,342,area_missing
70_343,אשדוד,1174,2020-03-11,2023-05-28,1834.0,70,343,area_missing
70_415,אשדוד,1174,2020-03-11,2023-05-28,4765.0,70,415,area_missing
70_421,אשדוד,1174,2020-03-11,2023-05-28,4130.0,70,421,area_missing
70_424,אשדוד,1174,2020-03-11,2023-05-28,1505.0,70,424,area_missing
70_425,אשדוד,1174,2020-03-11,2023-05-28,3259.0,70,425,area_missing
70_426,אשדוד,1174,2020-03-11,2023-05-28,2437.0,70,426,area_missing
7100_124,אשקלון,1174,2020-03-11,2023-05-28,2471.0,7100,124,area_missing
7100_125,אשקלון,1174,2020-03-11,2023-05-28,2771.0,7100,125,area_missing
7100_126,אשקלון,1174,2020-03-11,2023-05-28,2368.0,7100,126,area_missing
7100_225,אשקלון,1174,2020-03-11,2023-05-28,2999.0,7100,225,area_missing
7100_226,אשקלון,1174,2020-03-11,2023-05-28,2850.0,7100,226,area_missing
7200_1,נס ציונה,1174,2020-03-11,2023-05-28,2291.0,7200,1,area_missing
7200_2,נס ציונה,1174,2020-03-11,2023-05-28,4151.0,7200,2,area_missing
7200_3,נס ציונה,1174,2020-03-11,2023-05-28,1788.0,7200,3,area_missing
7200_4,נס ציונה,1174,2020-03-11,2023-05-28,2370.0,7200,4,area_missing
7200_5,נס ציונה,1174,2020-03-11,2023-05-28,2151.0,7200,5,area_missing
7200_6,נס ציונה,1174,2020-03-11,2023-05-28,5262.0,7200,6,area_missing
7200_7,נס ציונה,1174,2020-03-11,2023-05-28,3509.0,7200,7,area_missing
7200_8,נס ציונה,1174,2020-03-11,2023-05-28,4145.0,7200,8,area_missing
7400_114,נתניה,1174,2020-03-11,2023-05-28,4680.0,7400,114,area_missing
7400_115,נתניה,1174,2020-03-11,2023-05-28,15031.0,7400,115,area_missing
7400_341,נתניה,1174,2020-03-11,2023-05-28,1946.0,7400,341,area_missing
7400_342,נתניה,1174,2020-03-11,2023-05-28,1413.0,7400,342,area_missing
7400_343,נתניה,1174,2020-03-11,2023-05-28,1685.0,7400,343,area_missing
7400_351,נתניה,1174,2020-03-11,2023-05-28,3740.0,7400,351,area_missing
7400_352,נתניה,1174,2020-03-11,2023-05-28,4811.0,7400,352,area_missing
7400_354,נתניה,1174,2020-03-11,2023-05-28,1327.0,7400,354,area_missing
7700_16,עפולה,1174,2020-03-11,2023-05-28,1967.0,7700,16,area_missing
7700_18,עפולה,1174,2020-03-11,2023-05-28,5342.0,7700,18,area_missing
7800_1,פרדס חנה-כרכור,1174,2020-03-11,2023-05-28,3131.0,7800,1,area_missing
7800_10,פרדס חנה-כרכור,1174,2020-03-11,2023-05-28,3060.0,7800,10,area_missing
7800_2,פרדס חנה-כרכור,1174,2020-03-11,2023-05-28,2525.0,7800,2,area_missing
7800_3,פרדס חנה-כרכור,1174,2020-03-11,2023-05-28,2911.0,7800,3,area_missing
7800_5,פרדס חנה-כרכור,1174,2020-03-11,2023-05-28,2114.0,7800,5,area_missing
7800_6,פרדס חנה-כרכור,1174,2020-03-11,2023-05-28,1789.0,7800,6,area_missing
7800_7,פרדס חנה-כרכור,1174,2020-03-11,2023-05-28,1647.0,7800,7,area_missing
7800_8,פרדס חנה-כרכור,1174,2020-03-11,2023-05-28,2753.0,7800,8,area_missing
7800_9,פרדס חנה-כרכור,1174,2020-03-11,2023-05-28,3317.0,7800,9,area_missing
7900_115,פתח תקווה,1174,2020-03-11,2023-05-28,10264.0,7900,115,area_missing
7900_127,פתח תקווה,1174,2020-03-11,2023-05-28,1189.0,7900,127,area_missing
7900_131,פתח תקווה,1174,2020-03-11,2023-05-28,3489.0,7900,131,area_missing
7900_133,פתח תקווה,1174,2020-03-11,2023-05-28,1129.0,7900,133,area_missing
7900_143,פתח תקווה,1174,2020-03-11,2023-05-28,1405.0,7900,143,area_missing
7900_144,פתח תקווה,1174,2020-03-11,2023-05-28,1093.0,7900,144,area_missing
7900_145,פתח תקווה,1174,2020-03-11,2023-05-28,1867.0,7900,145,area_missing
7900_224,פתח תקווה,1174,2020-03-11,2023-05-28,2222.0,7900,224,area_missing
7900_235,פתח תקווה,1174,2020-03-11,2023-05-28,1533.0,7900,235,area_missing
7900_236,פתח תקווה,1174,2020-03-11,2023-05-28,2330.0,7900,236,area_missing
8000_1,צפת,1174,2020-03-11,2023-05-28,2560.0,8000,1,area_missing
8000_2,צפת,1174,2020-03-11,2023-05-28,2377.0,8000,2,area_missing
8000_4,צפת,1174,2020-03-11,2023-05-28,1355.0,8000,4,area_missing
8000_5,צפת,1174,2020-03-11,2023-05-28,1375.0,8000,5,area_missing
8000_6,צפת,1174,2020-03-11,2023-05-28,1430.0,8000,6,area_missing
8000_7,צפת,1174,2020-03-11,2023-05-28,1976.0,8000,7,area_missing
8000_8,צפת,1174,2020-03-11,2023-05-28,2715.0,8000,8,area_missing
8200_34,קריית מוצקין,1174,2020-03-11,2023-05-28,2498.0,8200,34,area_missing
8300_311,ראשון לציון,370,2022-05-24,2023-05-28,1002.0,8300,311,area_missing
8300_315,ראשון לציון,1174,2020-03-11,2023-05-28,1646.0,8300,315,area_missing
8300_511,ראשון לציון,1174,2020-03-11,2023-05-28,2427.0,8300,511,area_missing
8300_531,ראשון לציון,1174,2020-03-11,2023-05-28,2651.0,8300,531,area_missing
8300_532,ראשון לציון,1174,2020-03-11,2023-05-28,1267.0,8300,532,area_missing
8300_533,ראשון לציון,1174,2020-03-11,2023-05-28,2856.0,8300,533,area_missing
8300_534,ראשון לציון,1174,2020-03-11,2023-05-28,2330.0,8300,534,area_missing
8300_615,ראשון לציון,1174,2020-03-11,2023-05-28,2865.0,8300,615,area_missing
8300_616,ראשון לציון,1174,2020-03-11,2023-05-28,2192.0,8300,616,area_missing
8300_617,ראשון לציון,1174,2020-03-11,2023-05-28,2956.0,8300,617,area_missing
8500_14,רמלה,1174,2020-03-11,2023-05-28,2259.0,8500,14,area_missing
8500_17,רמלה,1174,2020-03-11,2023-05-28,2574.0,8500,17,area_missing
8500_18,רמלה,1174,2020-03-11,2023-05-28,954.0,8500,18,area_missing
8600_131,רמת גן,1174,2020-03-11,2023-05-28,1432.0,8600,131,area_missing
8600_132,רמת גן,1174,2020-03-11,2023-05-28,1773.0,8600,132,area_missing
8600_133,רמת גן,1174,2020-03-11,2023-05-28,2609.0,8600,133,area_missing
8600_134,רמת גן,1174,2020-03-11,2023-05-28,1982.0,8600,134,area_missing
8600_135,רמת גן,1174,2020-03-11,2023-05-28,1218.0,8600,135,area_missing
8600_136,רמת גן,1174,2020-03-11,2023-05-28,2333.0,8600,136,area_missing
8600_137,רמת גן,1174,2020-03-11,2023-05-28,1133.0,8600,137,area_missing
8600_138,רמת גן,1174,2020-03-11,2023-05-28,2001.0,8600,138,area_missing
8600_416,רמת גן,1174,2020-03-11,2023-05-28,1721.0,8600,416,area_missing
8600_418,רמת גן,1174,2020-03-11,2023-05-28,4395.0,8600,418,area_missing
8700_27,רעננה,1174,2020-03-11,2023-05-28,1880.0,8700,27,area_missing
8700_28,רעננה,1174,2020-03-11,2023-05-28,1505.0,8700,28,area_missing
9000_234,באר שבע,1174,2020-03-11,2023-05-28,1922.0,9000,234,area_missing
9000_311,באר שבע,1174,2020-03-11,2023-05-28,2157.0,9000,311,area_missing
9000_415,באר שבע,1174,2020-03-11,2023-05-28,4540.0,9000,415,area_missing
9000_431,באר שבע,1174,2020-03-11,2023-05-28,2020.0,9000,431,area_missing
9000_432,באר שבע,1174,2020-03-11,2023-05-28,1735.0,9000,432,area_missing
9000_434,באר שבע,1174,2020-03-11,2023-05-28,2098.0,9000,434,area_missing
9000_641,באר שבע,1174,2020-03-11,2023-05-28,1648.0,9000,641,area_missing
9000_642,באר שבע,1174,2020-03-11,2023-05-28,2954.0,9000,642,area_missing
9000_643,באר שבע,1174,2020-03-11,2023-05-28,3137.0,9000,643,area_missing
9000_645,באר שבע,1174,2020-03-11,2023-05-28,12170.0,9000,645,area_missing
9200_3,בית שאן,1174,2020-03-11,2023-05-28,1679.0,9200,3,area_missing
9500_10,קריית ביאליק,1174,2020-03-11,2023-05-28,2110.0,9500,10,area_missing
9500_2,קריית ביאליק,1174,2020-03-11,2023-05-28,2577.0,9500,2,area_missing
9500_3,קריית ביאליק,1174,2020-03-11,2023-05-28,3285.0,9500,3,area_missing
9500_4,קריית ביאליק,1174,2020-03-11,2023-05-28,1613.0,9500,4,area_missing
9500_5,קריית ביאליק,1174,2020-03-11,2023-05-28,2706.0,9500,5,area_missing
9500_6,קריית ביאליק,1174,2020-03-11,2023-05-28,1233.0,9500,6,area_missing
9500_7,קריית ביאליק,1174,2020-03-11,2023-05-28,1939.0,9500,7,area_missing
9500_8,קריית ביאליק,1174,2020-03-11,2023-05-28,2520.0,9500,8,area_missing
9500_9,קריית ביאליק,1174,2020-03-11,2023-05-28,2905.0,9500,9,area_missing
9700_15,הוד השרון,1174,2020-03-11,2023-05-28,1736.0,9700,15,area_missing
